"Group"	"Hazard_Ratio"	"Lower_HazardRatio"	"Upper_HazardRatio"	"p_value"	"Event"
"GRAMD1B"	"0.726204451493046"	"0.590007759978348"	"0.893840625736295"	"0.00253590420274687"	"OS"
"GRAMD1B+Sex"	"0.69804449705744"	"0.566299975184387"	"0.860438179806596"	"0.00075576838049521"	"OS"
"GRAMD1B+Age"	"0.769448208661318"	"0.618920547509293"	"0.95658570101556"	"0.0182961579534068"	"OS"
"GRAMD1B+Stage"	"0.711807318831377"	"0.576669307062406"	"0.878613883098661"	"0.00155254593928544"	"OS"
"GRAMD1B+ECOG"	"0.729753708797088"	"0.588330869887446"	"0.905171737129799"	"0.00415107836647172"	"OS"
"GRAMD1B+Treatment"	"0.729282466627836"	"0.592002370300574"	"0.898396599089199"	"0.00300815413514318"	"OS"
"GRAMD1B+Nclass"	"0.72627606528681"	"0.592285767944867"	"0.890578419330838"	"0.00211448669991742"	"OS"
"GRAMD1B+NRAS"	"1.09444190785843"	"0.771493037641205"	"1.55257796407213"	"0.612973179538072"	"OS"
"GRAMD1B+Sex+Age+Stage+
ECOG+treatment+Nclass+NRAS"	"1.11643100052282"	"0.707383989938814"	"1.76201072777487"	"0.636172802864822"	"OS"
