"Signature"	"HR"	"low"	"high"	"pval"
"Signature"	"0.603521825313638"	"0.436890200184527"	"0.833707401713438"	"0.00218965071372172"
"SignatureGroupMeanLow"	"1.52717108021929"	"0.853833937568041"	"2.73150481099529"	"0.153493871359168"
"SignatureGroupMedianLow"	"1.52717108021929"	"0.853833937568041"	"2.73150481099529"	"0.153493871359168"
"SignatureGroup0_33Low"	"2.01745581636629"	"1.17105427093576"	"3.47561003106871"	"0.0114406215784005"
"SignatureGroup0_66Low"	"1.19776043797114"	"0.612559983748645"	"2.34202380963477"	"0.597886825591884"
"SignatureGroupDensityIntersectionLow"	"1.60391704128325"	"0.929734065442154"	"2.76697388096175"	"0.0894891022125755"
