"Signature"	"HR"	"low"	"high"	"pval"
"Signature"	"0.678066767802535"	"0.477212029761835"	"0.963459663470009"	"0.0301848857462458"
"SignatureGroupMeanLow"	"1.08080529885842"	"0.583006928851856"	"2.00364701726771"	"0.805111470051413"
"SignatureGroupMedianLow"	"1.08080529885842"	"0.583006928851856"	"2.00364701726771"	"0.805111470051413"
"SignatureGroup0_33Low"	"1.37779544848226"	"0.757574416906077"	"2.50578722762465"	"0.29363020570503"
"SignatureGroup0_66Low"	"0.849875398759094"	"0.431122248085835"	"1.67536747783919"	"0.638533465855934"
"SignatureGroupDensityIntersectionLow"	"1.08385764324231"	"0.599739469858201"	"1.95876284596132"	"0.789700525551452"
