"Group"	"Hazard_Ratio"	"Lower_HazardRatio"	"Upper_HazardRatio"	"p_value"	"Event"
"GRAMD1B"	"0.619751954361128"	"0.463369693784255"	"0.828911536698971"	"0.00126114645150143"	"OS"
"GRAMD1B+Sex"	"0.620608666253852"	"0.463092331405517"	"0.831702644395801"	"0.00140500891774075"	"OS"
"GRAMD1B+Age"	"0.633857974381645"	"0.471815517335358"	"0.85155302639533"	"0.00247201264180094"	"OS"
"GRAMD1B+Stage"	"0.60889579380557"	"0.452797527609336"	"0.818807668124007"	"0.00102803833303418"	"OS"
"GRAMD1B+ECOG"	"0.621227852449399"	"0.463928773798099"	"0.831860549410213"	"0.00139464467949068"	"OS"
"GRAMD1B+Treatment"	"0.620959287413479"	"0.463674940455012"	"0.831596454720347"	"0.00138671650002907"	"OS"
"GRAMD1B+Nclass"	"0.600607361650631"	"0.445764859757963"	"0.80923651780178"	"0.000804064969604891"	"OS"
"GRAMD1B+Sex+Age+Stage+
ECOG+treatment+Nclass"	"0.626517177039923"	"0.460963198682214"	"0.851529523936419"	"0.002821703524211"	"OS"
"GRAMD1B+Sex+Age+Stage+
ECOG+treatment+Nclass+
TIL count"	"0.678066767802535"	"0.477212029761834"	"0.963459663470009"	"0.0301848857462456"	"OS"
